"id","project","file","native_px","first_pass_group","first_pass_priority","first_pass_issue","jev_tier","jev_overall_0_100","jev_standalone_0_100","jev_in_place_0_100","jev_standalone_severity","jev_in_place_severity","jev_main_problem","jev_fix_kind_standalone","jev_fix_kind_in_place","jev_weakest_dimension","jev_reads_first_pass_fix_as","jev_fact_check","blind_pixel_grade","first_pass_vs_jev","jev_rank_of_61_worst_first"
"1","credential-correlation","reference-assets/01--cover.D.webp","1280x720","confirmed","medium","Homepage crop + low-contrast screenshot","Issue","59","64","54","moderate","severe (worst of 4 confident of 4 views)","low_contrast_or_dark","recrop-or-recapture","recrop-or-recapture","artifact_cleanliness 42","replace","numeric 3/3 hold · descriptive 1 supported, 3 uncertain, 0 not supported","","agree","13"
"2","mordhau","reference-assets/02--cover.DoidqmIl.webp","514x321","confirmed","high","Low resolution + source crop","Issue","51","46","55","severe","severe (worst of 3 confident of 4 views)","poor_framing_or_dead_space","recrop-or-recapture","recrop-or-recapture","framing 1","recrop-or-recapture","numeric 7/7 hold · descriptive 2 supported, 1 uncertain, 0 not supported","standalone severe; in place severe","agree","4"
"3","trip-planner","reference-assets/03--cover.Bn2WVtp3.webp","901x959","confirmed","high","Portrait source cropped in landscape slot","Issue","68","68","68","moderate (too uncertain)","severe (worst of 1 confident of 4 views)","artifacts_or_overlays","recrop-or-recapture","layout-fix","framing 34","layout-fix","numeric 9/9 hold · descriptive 0 supported, 1 uncertain, 1 not supported","","agree","32"
"4","the-forest","reference-assets/04--cover.C5A2DxfY.webp","1709x1021","confirmed","medium","Homepage crop removes interface context","Issue","57","56","57","severe","moderate (worst of 1 confident of 4 views)","artifacts_or_overlays","recrop-or-recapture","layout-fix","artifact_cleanliness 9","layout-fix","numeric 5/5 hold · descriptive 2 supported, 0 uncertain, 0 not supported","","agree","8"
"5","hardpoint","reference-assets/05--cover.Xc93p9ti.webp","1920x1080","unflagged","","","Watch","65","70","59","moderate (too uncertain)","moderate (worst of 2 confident of 4 views)","low_contrast_or_dark","gentle-ai-touchup","layout-fix","contrast_exposure 56","","no checkable statements","standalone minor; in place minor","Jev flags it (Watch); first pass did not","21"
"6","aes-256","reference-assets/06--cover.CvfAleX3.webp","1280x720","confirmed","high","Layout crop + unreadable overview","Issue","44","50","39","moderate","severe (worst of 4 confident of 4 views)","unreadable_text","recrop-or-recapture","recrop-or-recapture","artifact_cleanliness 20","layout-fix","numeric 6/6 hold · descriptive 0 supported, 2 uncertain, 0 not supported","","agree","3"
"7","credential-correlation","reference-assets/07--parker-jackim.Bw6bR1uN.webp","1242x1242","unflagged","","","Watch","69","64","75","moderate (too uncertain)","none (worst of 1 confident of 2 views)","low_resolution","gentle-ai-touchup","none","resolution_headroom 28","","no checkable statements","","Jev flags it (Watch); first pass did not","34"
"8","hero-trivia","reference-assets/08--cover.Bnry21de.webp","1894x937","unflagged","","","Issue","55","71","40","moderate","severe (worst of 3 confident of 4 views)","poor_framing_or_dead_space","gentle-ai-touchup","layout-fix","resolution_headroom 39","","no checkable statements","standalone moderate; in place moderate","Jev flags it (Issue); first pass did not","7"
"9","nodes","reference-assets/09--cover.BxBm1-nh.webp","1920x1080","unflagged","","","Watch","66","63","70","moderate","none (worst of 2 confident of 4 views)","poor_framing_or_dead_space","recrop-or-recapture","none","framing 20","","no checkable statements","","Jev flags it (Watch); first pass did not","28"
"10","over-the-rainbow","reference-assets/10--cover.CXuBr3c.webp","1920x1080","unflagged","","","Watch","64","59","69","moderate","no confident read","poor_framing_or_dead_space","recrop-or-recapture","none","framing 26","","no checkable statements","","Jev flags it (Watch); first pass did not","19"
"11","spectre","reference-assets/11--cover.rf1al80g.webp","2400x1350","unflagged","","","Watch","77","81","73","none","none (worst of 1 confident of 3 views)","poor_framing_or_dead_space","recrop-or-recapture","none","framing 30","","no checkable statements","","Jev flags it (Watch); first pass did not","53"
"12","arch-linux","reference-assets/12--cover.dyhepgGf.webp","1919x1077","confirmed","medium","Cover crop trims desktop panels","Watch","67","80","54","moderate","moderate (worst of 2 confident of 2 views)","unreadable_text","recrop-or-recapture","recrop-or-recapture","text_legibility 51","layout-fix","numeric 6/6 hold · descriptive 2 supported, 0 uncertain, 0 not supported","standalone minor; in place moderate","partly (Jev rates it less serious)","30"
"13","ant-game","reference-assets/13--cover.BlJnV90M.webp","1180x781","unflagged","","","Issue","67","72","62","moderate (too uncertain)","severe (worst of 1 confident of 4 views)","poor_framing_or_dead_space","recrop-or-recapture","layout-fix","framing 21","","no checkable statements","standalone none; in place none","Jev flags it (Issue); first pass did not","31"
"14","go-green","reference-assets/14--cover.DFngPXon.webp","1920x1080","unflagged","","","Watch","70","70","70","moderate","none (worst of 1 confident of 3 views)","low_contrast_or_dark","gentle-ai-touchup","none","artifact_cleanliness 34","","no checkable statements","standalone none; in place none","Jev flags it (Watch); first pass did not","38"
"15","lost-city","reference-assets/15--cover.CjdAH56s.webp","2400x1500","unflagged","","","Issue","61","61","62","severe","moderate (worst of 1 confident of 4 views)","low_contrast_or_dark","recrop-or-recapture","recrop-or-recapture","contrast_exposure 22","","no checkable statements","standalone minor; in place minor","Jev flags it (Issue); first pass did not","15"
"16","paradox","reference-assets/16--cover.DwR4v-4e.webp","1920x1080","unflagged","","","Watch","65","70","60","moderate","moderate (worst of 2 confident of 3 views)","poor_framing_or_dead_space","recrop-or-recapture","layout-fix","framing 7","","no checkable statements","","Jev flags it (Watch); first pass did not","25"
"17","credential-correlation","reference-assets/17--password-checker-search.DSaeMPi5.webp","714x219","review-candidate","low","Limited retina resolution","Clean","73","66","80","severe (too uncertain)","none (worst of 1 confident of 2 views)","low_contrast_or_dark","recrop-or-recapture","none","resolution_headroom 46","recrop-or-recapture","numeric 3/3 hold · descriptive 1 supported, 1 uncertain, 0 not supported","standalone minor; in place minor","disagree (Jev sees no problem)","43"
"18","credential-correlation","reference-assets/18--dummy-credentials.C8SyxxmO.webp","756x206","review-candidate","low","Limited retina resolution","Issue","80","70","91","severe","none (worst of 1 confident of 2 views)","poor_framing_or_dead_space","recrop-or-recapture","none","framing 28","other","numeric 4/4 hold · descriptive 1 supported, 0 uncertain, 0 not supported","","partly (Jev rates it more serious)","58"
"19","credential-correlation","reference-assets/19--checker-rated-strong.BclnrruG.webp","625x212","review-candidate","low","Small source + fine text","Watch","75","66","84","severe","no confident read","other","recrop-or-recapture","none","resolution_headroom 45","recrop-or-recapture","numeric 3/3 hold · descriptive 2 supported, 0 uncertain, 0 not supported","standalone minor; in place minor","agree","48"
"20","credential-correlation","reference-assets/20--checker-crack-time.DBgSjXVd.webp","768x383","review-candidate","low","Small supporting text","Clean","74","68","81","severe (too uncertain)","no confident read","low_contrast_or_dark","gentle-ai-touchup","none","resolution_headroom 47","recrop-or-recapture","numeric 3/3 hold · descriptive 1 supported, 1 uncertain, 0 not supported","standalone none; in place none","disagree (Jev sees no problem)","46"
"21","credential-correlation","reference-assets/21--gui-visualizer.Cz-1qiuz.webp","1578x1015","confirmed","medium","Low-contrast text","Watch","67","65","69","moderate","moderate (worst of 2 confident of 2 views)","poor_framing_or_dead_space","recrop-or-recapture","recrop-or-recapture","framing 30","recrop-or-recapture","numeric 2/2 hold · descriptive 1 supported, 2 uncertain, 0 not supported","standalone moderate; in place moderate","partly (Jev rates it less serious)","29"
"22","mordhau","reference-assets/22--gameplay-toggles.zlqJwMNs.webp","514x244","confirmed","high","Low resolution + poor contrast","Issue","61","48","74","severe","moderate (worst of 1 confident of 2 views)","poor_framing_or_dead_space","recrop-or-recapture","recrop-or-recapture","framing 20","recrop-or-recapture","numeric 3/3 hold · descriptive 3 supported, 1 uncertain, 0 not supported","","agree","17"
"23","trip-planner","reference-assets/23--trip-manager.BKBMRMP-.webp","901x959","review-candidate","low","Dense UI at phone size","Watch","72","66","78","moderate","no confident read","poor_framing_or_dead_space","recrop-or-recapture","none","framing 37","recrop-or-recapture","numeric 3/3 hold · descriptive 0 supported, 2 uncertain, 1 not supported","standalone minor; in place minor","agree","39"
"24","trip-planner","reference-assets/24--full-demo.poster.Cag7VY.webp","720x754","unflagged","","","Watch","59","49","68","severe (too uncertain)","moderate (worst of 1 confident of 2 views)","artifacts_or_overlays","recrop-or-recapture","layout-fix","artifact_cleanliness 22","","no checkable statements","standalone minor; in place minor","Jev flags it (Watch); first pass did not","10"
"25","trip-planner","reference-assets/25--iterative-design.poster.o.webp","982x928","unflagged","","","Watch","59","55","63","moderate","moderate (worst of 1 confident of 2 views)","artifacts_or_overlays","recrop-or-recapture","recrop-or-recapture","framing 33","","no checkable statements","standalone none; in place minor","Jev flags it (Watch); first pass did not","11"
"26","trip-planner","reference-assets/26--database-search.poster.BbI1xo22.webp","966x910","unflagged","","","Issue","65","61","69","severe","no confident read","artifacts_or_overlays","recrop-or-recapture","layout-fix","framing 31","","no checkable statements","standalone none; in place minor","Jev flags it (Issue); first pass did not","22"
"27","trip-planner","reference-assets/27--interoperability.poster.DjylJH5q.webp","982x928","unflagged","","","Issue","60","56","64","moderate","severe (worst of 1 confident of 2 views)","artifacts_or_overlays","recrop-or-recapture","layout-fix","artifact_cleanliness 32","","no checkable statements","standalone none; in place minor","Jev flags it (Issue); first pass did not","14"
"28","trip-planner","reference-assets/28--tour-optimization.poster.B.webp","924x628","unflagged","","","Issue","65","69","60","severe (too uncertain)","severe (worst of 1 confident of 2 views)","busy_background","recrop-or-recapture","layout-fix","framing 28","","no checkable statements","standalone none; in place moderate","Jev flags it (Issue); first pass did not","23"
"29","the-forest","reference-assets/29--menus-in-game.Ejwtc6fN.webp","1916x1075","unflagged","","","Issue","65","64","67","severe","moderate (worst of 1 confident of 2 views)","artifacts_or_overlays","recrop-or-recapture","layout-fix","artifact_cleanliness 16","","no checkable statements","standalone minor; in place moderate","Jev flags it (Issue); first pass did not","26"
"30","the-forest","reference-assets/30--menu-panels.BZNx7UjB.webp","905x554","confirmed","medium","Busy background + small menu text","Watch","72","68","76","moderate","no confident read","low_contrast_or_dark","gentle-ai-touchup","none","contrast_exposure 47","recrop-or-recapture","numeric 3/3 hold · descriptive 0 supported, 1 uncertain, 1 not supported","standalone minor; in place minor","partly (Jev rates it less serious)","41"
"31","the-forest","reference-assets/31--yt-lbqOiXaPm08.B-xSEU2l.webp","1280x720","unflagged","","","Issue","58","61","55","severe","severe (worst of 1 confident of 2 views)","artifacts_or_overlays","recrop-or-recapture","layout-fix","artifact_cleanliness 12","","no checkable statements","standalone minor; in place moderate","Jev flags it (Issue); first pass did not","9"
"32","hardpoint","reference-assets/32--capture-zone-corridor.DIIIjFKp.webp","1920x1080","unflagged","","","Issue","69","56","82","severe","no confident read","artifacts_or_overlays","recrop-or-recapture","none","artifact_cleanliness 33","","no checkable statements","standalone minor; in place minor","Jev flags it (Issue); first pass did not","33"
"33","hardpoint","reference-assets/33--capture-zone-melee.Dl6v7Dfj.webp","1920x1080","unflagged","","","Watch","76","70","82","moderate (too uncertain)","none (worst of 1 confident of 2 views)","poor_framing_or_dead_space","recrop-or-recapture","none","framing 34","","no checkable statements","","Jev flags it (Watch); first pass did not","52"
"34","hardpoint","reference-assets/34--yt-EdJRI.webp","1280x720","review-candidate","low","Debug overlay in poster","Issue","55","50","60","severe","severe (worst of 2 confident of 2 views)","artifacts_or_overlays","recrop-or-recapture","layout-fix","artifact_cleanliness 7","recrop-or-recapture","numeric 3/3 hold · descriptive 2 supported, 0 uncertain, 0 not supported","","partly (Jev rates it more serious)","6"
"35","aes-256","reference-assets/35--aes-source-code.BTJvNGRc.webp","762x920","confirmed","medium","Poor source framing + unreadable mobile text","Watch","73","66","80","moderate (too uncertain)","no confident read","poor_framing_or_dead_space","recrop-or-recapture","none","framing 26","other","numeric 2/2 hold · descriptive 3 supported, 2 uncertain, 0 not supported","standalone minor; in place moderate","partly (Jev rates it less serious)","45"
"36","hero-trivia","reference-assets/36--gameplay.poster.Ch1KDA9n.webp","1168x920","unflagged","","","Watch","78","73","84","moderate (too uncertain)","no confident read","artifacts_or_overlays","recrop-or-recapture","none","artifact_cleanliness 30","","no checkable statements","","Jev flags it (Watch); first pass did not","56"
"37","hero-trivia","reference-assets/37--puzzle-variety.poster.C-RfGYxF.webp","1168x920","confirmed","medium","Mobile playback button covers poster text","Watch","75","75","76","moderate (too uncertain)","no confident read","busy_background","gentle-ai-touchup","layout-fix","resolution_headroom 53","layout-fix","numeric 3/3 hold · descriptive 0 supported, 1 uncertain, 0 not supported","standalone minor; in place moderate","partly (Jev rates it less serious)","49"
"38","nodes","reference-assets/38--bead-diagram.DiiadOaM.webp","1920x1080","unflagged","","","Watch","76","76","75","moderate (too uncertain)","moderate (worst of 1 confident of 2 views)","poor_framing_or_dead_space","recrop-or-recapture","recrop-or-recapture","framing 40","","no checkable statements","","Jev flags it (Watch); first pass did not","50"
"39","over-the-rainbow","reference-assets/39--yt-Oz2oDcXTusM.B-XTMnZA.webp","1280x720","unflagged","","","Issue","61","57","65","moderate","severe (worst of 1 confident of 2 views)","poor_framing_or_dead_space","gentle-ai-touchup","layout-fix","framing 28","","no checkable statements","standalone minor; in place moderate","Jev flags it (Issue); first pass did not","16"
"40","spectre","reference-assets/40--atlas-wordmark-dark.BlyylcTF.webp","2400x1350","unflagged","","","Watch","72","69","76","severe (too uncertain)","no confident read","poor_framing_or_dead_space","recrop-or-recapture","none","framing 2","","no checkable statements","standalone minor; in place minor","Jev flags it (Watch); first pass did not","42"
"41","spectre","reference-assets/41--octopus-logo.CHmkCzb7.webp","744x837","unflagged","","","Clean","88","86","90","none","none (worst of 2 confident of 2 views)","other","gentle-ai-touchup","none","artifact_cleanliness 75","","no checkable statements","standalone none; in place none","agree (neither flags it)","60"
"42","spectre","reference-assets/42--specter-wordmark-light.BCVshs7i.webp","1920x1080","unflagged","","","Watch","77","76","78","moderate (too uncertain)","moderate (worst of 1 confident of 2 views)","poor_framing_or_dead_space","recrop-or-recapture","layout-fix","framing 17","","no checkable statements","","Jev flags it (Watch); first pass did not","55"
"43","arch-linux","reference-assets/43--tiling-workspace.DyN4GlR9.webp","1920x1077","unflagged","","","Watch","65","65","66","moderate","no confident read","low_contrast_or_dark","recrop-or-recapture","layout-fix","contrast_exposure 44","","no checkable statements","","Jev flags it (Watch); first pass did not","24"
"44","arch-linux","reference-assets/44--launcher-panel.CtzjOQC.webp","487x1009","review-candidate","low","Narrow source + fine text","Watch","70","55","85","moderate","none (worst of 1 confident of 2 views)","poor_framing_or_dead_space","recrop-or-recapture","none","resolution_headroom 28","recrop-or-recapture","numeric 4/4 hold · descriptive 1 supported, 0 uncertain, 0 not supported","standalone none; in place minor","agree","36"
"45","ant-game","reference-assets/45--sculpt-three-quarter.DQs8cXxK.webp","1274x772","confirmed","medium","Source crop + editor residue","Issue","65","58","73","severe","no confident read","artifacts_or_overlays","recrop-or-recapture","none","framing 26","recrop-or-recapture","numeric 2/2 hold · descriptive 2 supported, 0 uncertain, 1 not supported","","agree","27"
"46","ant-game","reference-assets/46--sculpt-thorax-closeup.CJ-l7JFi.webp","1174x806","unflagged","","","Issue","65","51","78","severe","minor (worst of 1 confident of 2 views)","poor_framing_or_dead_space","recrop-or-recapture","none","framing 8","","no checkable statements","standalone minor; in place minor","Jev flags it (Issue); first pass did not","20"
"47","ant-game","reference-assets/47--sculpt-top-view.BNiyOCsm.webp","617x781","unflagged","","","Watch","77","65","88","moderate (too uncertain)","none (worst of 2 confident of 2 views)","low_resolution","recrop-or-recapture","none","resolution_headroom 34","","no checkable statements","","Jev flags it (Watch); first pass did not","54"
"48","ant-game","reference-assets/48--textured-front-view.DSPa5V.webp","1108x917","unflagged","","","Watch","70","64","76","moderate (too uncertain)","no confident read","poor_framing_or_dead_space","recrop-or-recapture","none","framing 15","","no checkable statements","","Jev flags it (Watch); first pass did not","37"
"49","ant-game","reference-assets/49--textured-head-closeup.CWc.webp","1379x933","unflagged","","","Watch","75","70","79","moderate (too uncertain)","none (worst of 1 confident of 2 views)","poor_framing_or_dead_space","recrop-or-recapture","none","framing 26","","no checkable statements","","Jev flags it (Watch); first pass did not","47"
"50","ant-game","reference-assets/50--textured-side-dirt.BhGn1.webp","1390x933","unflagged","","","Watch","73","70","77","moderate (too uncertain)","none (worst of 1 confident of 2 views)","poor_framing_or_dead_space","recrop-or-recapture","none","framing 23","","no checkable statements","","Jev flags it (Watch); first pass did not","44"
"51","ant-game","reference-assets/51--textured-side-forest.CruC59CP.webp","1394x934","unflagged","","","Clean","76","77","74","none","no confident read","none","gentle-ai-touchup","none","resolution_headroom 62","","no checkable statements","","agree (neither flags it)","51"
"52","ant-game","reference-assets/52--rig-mesh.DaFjZIOx.webp","1904x980","unflagged","","","Watch","59","47","70","severe (too uncertain)","moderate (worst of 1 confident of 2 views)","artifacts_or_overlays","recrop-or-recapture","recrop-or-recapture","framing 24","","no checkable statements","standalone moderate; in place moderate","Jev flags it (Watch); first pass did not","12"
"53","ant-game","reference-assets/53--rig-joints.whQx6Ho.webp","1909x977","unflagged","","","Watch","61","51","71","moderate (too uncertain)","none (worst of 1 confident of 2 views)","artifacts_or_overlays","recrop-or-recapture","none","framing 25","","no checkable statements","","Jev flags it (Watch); first pass did not","18"
"54","ant-game","reference-assets/54--yt-MBJ0LGR1R4o.DJme7N3O.webp","1280x720","confirmed","high","Very dark video poster + capture artifacts","Issue","40","28","52","severe","severe (worst of 2 confident of 2 views)","low_contrast_or_dark","recrop-or-recapture","recrop-or-recapture","contrast_exposure 1","recrop-or-recapture","numeric 3/3 hold · descriptive 5 supported, 1 uncertain, 0 not supported","standalone moderate; in place moderate","agree","1"
"55","go-green","reference-assets/55--brochure-with-text.CLMpiJPU.webp","1920x1080","review-candidate","low","Embedded paragraph too small on phones","Watch","72","74","71","moderate","moderate (worst of 1 confident of 2 views)","low_contrast_or_dark","gentle-ai-touchup","layout-fix","artifact_cleanliness 54","other","numeric 5/5 hold · descriptive 0 supported, 0 uncertain, 2 not supported","standalone minor; in place minor","agree","40"
"56","go-green","reference-assets/56--reference-photo.WhmliRYR.webp","2400x1350","unflagged","","","Clean","90","95","84","none","none (worst of 1 confident of 2 views)","low_contrast_or_dark","gentle-ai-touchup","none","scan_first_impact 90","","no checkable statements","standalone none; in place none","agree (neither flags it)","61"
"57","lost-city","reference-assets/57--forest-version.BqGISrTe.webp","2400x1500","unflagged","","","Issue","70","64","76","severe","moderate (worst of 2 confident of 2 views)","low_contrast_or_dark","recrop-or-recapture","layout-fix","contrast_exposure 16","","no checkable statements","standalone minor; in place minor","Jev flags it (Issue); first pass did not","35"
"58","paradox","reference-assets/58--zexilemodz-banner.BnJCZVTT.webp","1917x1078","confirmed","high","Dark artwork + baked-in empty margins","Issue","43","29","58","severe","severe (worst of 2 confident of 2 views)","poor_framing_or_dead_space","recrop-or-recapture","recrop-or-recapture","framing 3","recrop-or-recapture","numeric 4/4 hold · descriptive 4 supported, 1 uncertain, 0 not supported","standalone severe; in place severe","agree","2"
"59","paradox","reference-assets/59--zexilemodz-logo.fIhurC86.webp","800x800","unflagged","","","Watch","80","74","86","none","none (worst of 1 confident of 2 views)","low_resolution","gentle-ai-touchup","none","resolution_headroom 29","","no checkable statements","","Jev flags it (Watch); first pass did not","57"
"60","paradox","reference-assets/60--paradox-logo.BE37VDrI.webp","800x800","unflagged","","","Clean","85","83","86","none (too uncertain)","none (worst of 1 confident of 2 views)","poor_framing_or_dead_space","recrop-or-recapture","none","framing 47","","no checkable statements","standalone none; in place none","agree (neither flags it)","59"
"61","paradox","reference-assets/61--yt-a7VCZaQSSMg.D3Ut14wj.webp","1280x720","unflagged","","","Issue","51","50","52","severe","severe (worst of 2 confident of 2 views)","artifacts_or_overlays","recrop-or-recapture","layout-fix","artifact_cleanliness 6","","no checkable statements","standalone minor; in place moderate","Jev flags it (Issue); first pass did not","5"
