"id","group","priority","project","issue","width","height","file","evidence","reason","recommendation","page","downloadUrl","sha256","jev_tier","jev_overall_0_100","jev_standalone_0_100","jev_in_place_0_100","jev_standalone_severity","jev_in_place_severity","jev_main_problem","jev_fix_kind_standalone","jev_fix_kind_in_place","jev_weakest_dimension","jev_reads_first_pass_fix_as","jev_fact_check","blind_pixel_grade","first_pass_vs_jev"
"6","confirmed","high","aes-256","Layout crop + unreadable overview","1280","720","confirmed/06--aes-256--cover.webp","evidence/06--home-desktop--6.png","At 1440px the homepage puts a 1280x720 desktop capture into a 1150x177 strip: about 73% of its height is discarded. It becomes an anonymous dark strip. The case-study poster also has very small code.","Give this card more height or use a dedicated thumbnail showing one meaningful result.","https://pjackim.github.io/Portfolio/work/aes-256/","https://pjackim.github.io/Portfolio/_astro/cover.CvfAleX3_ZC42PY.webp","113d74996d4c41dc1166612c2173fb5eae1aeafb162326201fb7b2358892bc2e","Issue","44","50","39","moderate","severe (worst of 4 confident of 4 views)","unreadable_text","recrop-or-recapture","recrop-or-recapture","artifact_cleanliness 20","layout-fix","numeric 6/6 hold · descriptive 0 supported, 2 uncertain, 0 not supported","","agree"
"2","confirmed","high","mordhau","Low resolution + source crop","514","321","confirmed/02--mordhau--cover.webp","evidence/02--desktop--mordhau.png","The 514x321 source already cuts through the top slider/label and leaves most of the frame empty. The Work carousel enlarges it to about 644x402 at 1440px. Phone/retina rendering has even less pixel headroom.","Recapture the complete menu at higher resolution and frame the controls tightly.","https://pjackim.github.io/Portfolio/work/mordhau/","https://pjackim.github.io/Portfolio/_astro/cover.DoidqmIl_Z19YA75.webp","cc4411e2993454fe8e55d0b7e947a163a674fd4a0627edcc7fa9ebd0c888c57a","Issue","51","46","55","severe","severe (worst of 3 confident of 4 views)","poor_framing_or_dead_space","recrop-or-recapture","recrop-or-recapture","framing 1","recrop-or-recapture","numeric 7/7 hold · descriptive 2 supported, 1 uncertain, 0 not supported","standalone severe; in place severe","agree"
"22","confirmed","high","mordhau","Low resolution + poor contrast","514","244","confirmed/22--mordhau--gameplay-toggles.webp","evidence/22--desktop--22.png","Only 514x244. Background patch-note text shows through the gameplay menu and competes with its labels; the capture also ends tightly at the controls. This is visible in the original, not caused by responsive CSS.","Recapture at 2x or higher with a clean background and the full menu visible.","https://pjackim.github.io/Portfolio/work/mordhau/","https://pjackim.github.io/Portfolio/_astro/gameplay-toggles.zlqJwMNs_Znuzlx.webp","5bfe1926cddec7aede74ec3299b30cbe69c93ec1fcb91898b24f17494b391a5f","Issue","61","48","74","severe","moderate (worst of 1 confident of 2 views)","poor_framing_or_dead_space","recrop-or-recapture","recrop-or-recapture","framing 20","recrop-or-recapture","numeric 3/3 hold · descriptive 3 supported, 1 uncertain, 0 not supported","","agree"
"3","confirmed","high","trip-planner","Portrait source cropped in landscape slot","901","959","confirmed/03--trip-planner--cover.webp","evidence/03--desktop--trip-planner.png","The Work carousel uses cover fitting on a 901x959 portrait screenshot, cutting away about 41% of its height in a 16:10 slot. The mobile homepage cuts off the app header/footer. Conversely, the desktop homepage shows it only about 131x140, too small to read.","Use contain consistently, enlarge the thumbnail area, or provide a separate landscape cover.","https://pjackim.github.io/Portfolio/work/trip-planner/","https://pjackim.github.io/Portfolio/_astro/cover.Bn2WVtp3_Z2cTzX.webp","226f79f4a7f4f4617399eef4cad796d046019c0186656cb83fd5b54cffa93f3b","Issue","68","68","68","moderate (too uncertain)","severe (worst of 1 confident of 4 views)","artifacts_or_overlays","recrop-or-recapture","layout-fix","framing 34","layout-fix","numeric 9/9 hold · descriptive 0 supported, 1 uncertain, 1 not supported","","agree"
"54","confirmed","high","ant-game","Very dark video poster + capture artifacts","1280","720","confirmed/54--ant-game--yt-MBJ0LGR1R4o.webp","evidence/54--desktop--54.png","The ant is almost a silhouette against the ground. The original includes development/performance text and an Activate Windows watermark. The scene is hard to identify on desktop and mobile.","Choose a brighter gameplay frame and record/export without desktop or debug overlays.","https://pjackim.github.io/Portfolio/work/ant-game/","https://pjackim.github.io/Portfolio/_astro/yt-MBJ0LGR1R4o.DJme7N3O_Z24Or9v.webp","ff0e4ee89491d25c4b7a6f24553357bbac8bfe9aa96bab876966946bc85a22b5","Issue","40","28","52","severe","severe (worst of 2 confident of 2 views)","low_contrast_or_dark","recrop-or-recapture","recrop-or-recapture","contrast_exposure 1","recrop-or-recapture","numeric 3/3 hold · descriptive 5 supported, 1 uncertain, 0 not supported","standalone moderate; in place moderate","agree"
"58","confirmed","high","paradox","Dark artwork + baked-in empty margins","1917","1078","confirmed/58--paradox--zexilemodz-banner.webp","evidence/58--desktop--58.png","The visible banner occupies only a narrow middle band of a 1917x1078 file. Dark empty areas consume most of the image, while the logo and channel name have very low contrast. On phones the actual banner becomes a tiny dark strip.","Export the actual banner bounds and improve subject/text contrast; keep the full archived export separately if needed.","https://pjackim.github.io/Portfolio/work/paradox/","https://pjackim.github.io/Portfolio/_astro/zexilemodz-banner.BnJCZVTT_NXN51.webp","507ab1652b032999dbce549dd224e6335fa480d92a82c414865753edb3d52f94","Issue","43","29","58","severe","severe (worst of 2 confident of 2 views)","poor_framing_or_dead_space","recrop-or-recapture","recrop-or-recapture","framing 3","recrop-or-recapture","numeric 4/4 hold · descriptive 4 supported, 1 uncertain, 0 not supported","standalone severe; in place severe","agree"
"1","confirmed","medium","credential-correlation","Homepage crop + low-contrast screenshot","1280","720","confirmed/01--credential-correlation--cover.webp","evidence/01--home-desktop--1.png","The homepage desktop cover crops the visualizer vertically, trimming interface/annotation content. The source is a full desktop/video frame with small colored labels over a translucent, busy background; it reads poorly as a thumbnail.","Use a dedicated, high-contrast cover with a tighter focus on the comparison.","https://pjackim.github.io/Portfolio/work/credential-correlation/","https://pjackim.github.io/Portfolio/_astro/cover.D_BX09YC_Z1Wo6jN.webp","cd9e852b6605b5fc97e34d83c8bfa848737ef1c90d31e3b53888a76a22a00711","Issue","59","64","54","moderate","severe (worst of 4 confident of 4 views)","low_contrast_or_dark","recrop-or-recapture","recrop-or-recapture","artifact_cleanliness 42","replace","numeric 3/3 hold · descriptive 1 supported, 3 uncertain, 0 not supported","","agree"
"21","confirmed","medium","credential-correlation","Low-contrast text","1578","1015","confirmed/21--credential-correlation--gui-visualizer.webp","evidence/21--desktop--lightbox--21.png","The large visualizer image retains small red, green and blue labels over a translucent desktop background. Even the expanded image has weak contrast; reducing it to phone width makes the annotations difficult to read.","Capture the app with an opaque background and larger labels, or split it into focused explanatory images.","https://pjackim.github.io/Portfolio/work/credential-correlation/","https://pjackim.github.io/Portfolio/_astro/gui-visualizer.Cz-1qiuz_Z11jNKu.webp","5c224356eb58da5b8fc961110d387a2e4c572bb5ed036a2cb33327172dfca4e0","Watch","67","65","69","moderate","moderate (worst of 2 confident of 2 views)","poor_framing_or_dead_space","recrop-or-recapture","recrop-or-recapture","framing 30","recrop-or-recapture","numeric 2/2 hold · descriptive 1 supported, 2 uncertain, 0 not supported","standalone moderate; in place moderate","partly (Jev rates it less serious)"
"4","confirmed","medium","the-forest","Homepage crop removes interface context","1709","1021","confirmed/04--the-forest--cover.webp","evidence/04--home-desktop--4.png","The desktop homepage renders this 1709x1021 image around 563x177, retaining only about 53% of its height. Parts of the menu and HUD are cut off even though the project is about that interface. The full project image is much better framed.","Use a taller card or a separate crop that retains the menu being demonstrated.","https://pjackim.github.io/Portfolio/work/the-forest/","https://pjackim.github.io/Portfolio/_astro/cover.C5A2DxfY_Z1nUqsJ.webp","e0353ece6dcb6857b3e3448ae3fd88a6b93f0cb04c0b053774dee686799500ba","Issue","57","56","57","severe","moderate (worst of 1 confident of 4 views)","artifacts_or_overlays","recrop-or-recapture","layout-fix","artifact_cleanliness 9","layout-fix","numeric 5/5 hold · descriptive 2 supported, 0 uncertain, 0 not supported","","agree"
"12","confirmed","medium","arch-linux","Cover crop trims desktop panels","1919","1077","confirmed/12--arch-linux--cover.webp","evidence/12--desktop--12.png","The source is approximately 16:9, but the Work carousel and project hero use 16:10 cover fitting. The left launcher/avatar and text get cut at the left edge. This is a presentation crop, not a low-resolution original.","Use contain for desktop screenshots or supply a 16:10 cover with both edge panels inside the safe area.","https://pjackim.github.io/Portfolio/work/arch-linux/","https://pjackim.github.io/Portfolio/_astro/cover.dyhepgGf_1azn46.webp","9da3ff701bf7d0643b164cb84db292a4bb0ee039b1396ad80f02ee9507a06dc1","Watch","67","80","54","moderate","moderate (worst of 2 confident of 2 views)","unreadable_text","recrop-or-recapture","recrop-or-recapture","text_legibility 51","layout-fix","numeric 6/6 hold · descriptive 2 supported, 0 uncertain, 0 not supported","standalone minor; in place moderate","partly (Jev rates it less serious)"
"30","confirmed","medium","the-forest","Busy background + small menu text","905","554","confirmed/30--the-forest--menu-panels.webp","evidence/30--mobile--30.png","The Forest menu panels are composited over detailed, dark foliage. Small text has weak separation from the scene, particularly at 390px and 320px. The 905px source also has limited retina headroom.","Recapture with a quiet background or opaque panels and larger UI text.","https://pjackim.github.io/Portfolio/work/the-forest/","https://pjackim.github.io/Portfolio/_astro/menu-panels.BZNx7UjB_1b4Xa6.webp","9c58ddda99e7ebf1e7acbb157183b5b709a56d2a838d87835bcf9b4ed872cc13","Watch","72","68","76","moderate","no confident read","low_contrast_or_dark","gentle-ai-touchup","none","contrast_exposure 47","recrop-or-recapture","numeric 3/3 hold · descriptive 0 supported, 1 uncertain, 1 not supported","standalone minor; in place minor","partly (Jev rates it less serious)"
"35","confirmed","medium","aes-256","Poor source framing + unreadable mobile text","762","920","confirmed/35--aes-256--aes-source-code.webp","evidence/35--mobile--35.png","The code capture begins partway through a data table and ends at an incomplete function near the lower/right edge. Most of the frame is hexadecimal data; meaningful code becomes tiny on phones. Native inspection confirms the source framing.","Export a complete relevant function at a larger font, or render selectable code instead of an image.","https://pjackim.github.io/Portfolio/work/aes-256/","https://pjackim.github.io/Portfolio/_astro/aes-source-code.BTJvNGRc_KuHHd.webp","a434b824bed206d88a7b461594cc1f034c147332e90514e59273ae2a4cbdab5a","Watch","73","66","80","moderate (too uncertain)","no confident read","poor_framing_or_dead_space","recrop-or-recapture","none","framing 26","other","numeric 2/2 hold · descriptive 3 supported, 2 uncertain, 0 not supported","standalone minor; in place moderate","partly (Jev rates it less serious)"
"45","confirmed","medium","ant-game","Source crop + editor residue","1274","772","confirmed/45--ant-game--sculpt-three-quarter.webp","evidence/45--desktop--45.png","The three-quarter sculpt overview cuts off a lower leg at the bottom edge and retains editor gizmo/cursor residue at the right. The original file has the same framing.","Zoom out slightly and export a clean viewport render with the whole model inside the frame.","https://pjackim.github.io/Portfolio/work/ant-game/","https://pjackim.github.io/Portfolio/_astro/sculpt-three-quarter.DQs8cXxK_Z1ny6Qt.webp","c6623d1c096e344bcfc74981723b47eddf8fb07bf43b6d149eb80f0241b7ac37","Issue","65","58","73","severe","no confident read","artifacts_or_overlays","recrop-or-recapture","none","framing 26","recrop-or-recapture","numeric 2/2 hold · descriptive 2 supported, 0 uncertain, 1 not supported","","agree"
"37","confirmed","medium","hero-trivia","Mobile playback button covers poster text","1168","920","confirmed/37--hero-trivia--puzzle-variety.webp","evidence/37--mobile--37.png","On 390px and 320px layouts the Play button covers the right end of the clue at the bottom of the puzzle poster. The underlying 1168x920 file is adequately sized; this is an overlay problem.","Move the control outside the clue area or choose a poster with a reserved control area.","https://pjackim.github.io/Portfolio/work/hero-trivia/","https://pjackim.github.io/Portfolio/_astro/puzzle-variety.poster.C-RfGYxF_202kA.webp","0ee803f97ac94c0ca89bf26c5456beea52fb3b3022b11639149dd18502b94301","Watch","75","75","76","moderate (too uncertain)","no confident read","busy_background","gentle-ai-touchup","layout-fix","resolution_headroom 53","layout-fix","numeric 3/3 hold · descriptive 0 supported, 1 uncertain, 0 not supported","standalone minor; in place moderate","partly (Jev rates it less serious)"
"17","review-candidate","low","credential-correlation","Limited retina resolution","714","219","review-candidate/17--credential-correlation--password-checker-search.webp","evidence/17--tablet--17.png","714x219 search-results capture, rendered about 702px wide on the 2x tablet. Small result URLs are soft at reduced phone sizes. It is readable on normal desktop and is not a broken image.","Recapture at higher pixel density if this supporting screenshot is retained.","https://pjackim.github.io/Portfolio/work/credential-correlation/","https://pjackim.github.io/Portfolio/_astro/password-checker-search.DSaeMPi5_ddPpi.webp","f693bfd6a5d8ea0a23f0fdbe05431e7238a8cea6022036209a163fc3d699d506","Clean","73","66","80","severe (too uncertain)","none (worst of 1 confident of 2 views)","low_contrast_or_dark","recrop-or-recapture","none","resolution_headroom 46","recrop-or-recapture","numeric 3/3 hold · descriptive 1 supported, 1 uncertain, 0 not supported","standalone minor; in place minor","disagree (Jev sees no problem)"
"18","review-candidate","low","credential-correlation","Limited retina resolution","756","206","review-candidate/18--credential-correlation--dummy-credentials.webp","evidence/18--tablet--18.png","756x206 text image rendered about 631px wide on the 2x tablet. The short line is still readable, but the asset has little high-density headroom.","Prefer a styled selectable text example or a higher-density capture.","https://pjackim.github.io/Portfolio/work/credential-correlation/","https://pjackim.github.io/Portfolio/_astro/dummy-credentials.C8SyxxmO_Rcoaz.webp","b9abbb82368146a244b97a609d476c65df4f2393fc43d050fcbaf52a96843161","Issue","80","70","91","severe","none (worst of 1 confident of 2 views)","poor_framing_or_dead_space","recrop-or-recapture","none","framing 28","other","numeric 4/4 hold · descriptive 1 supported, 0 uncertain, 0 not supported","","partly (Jev rates it more serious)"
"19","review-candidate","low","credential-correlation","Small source + fine text","625","212","review-candidate/19--credential-correlation--checker-rated-strong.webp","evidence/19--tablet--19.png","625x212 screenshot; some secondary labels are faint and small. It is readable at normal desktop scale but cannot provide 2x detail at its tablet display width.","Recapture the checker result at higher density and larger text.","https://pjackim.github.io/Portfolio/work/credential-correlation/","https://pjackim.github.io/Portfolio/_astro/checker-rated-strong.BclnrruG_ZVz8ix.webp","87c96e3d7352937971863b11f9e0f40d4d10c166caabd2d6e01ae37d9ff2b804","Watch","75","66","84","severe","no confident read","other","recrop-or-recapture","none","resolution_headroom 45","recrop-or-recapture","numeric 3/3 hold · descriptive 2 supported, 0 uncertain, 0 not supported","standalone minor; in place minor","agree"
"20","review-candidate","low","credential-correlation","Small supporting text","768","383","review-candidate/20--credential-correlation--checker-crack-time.webp","evidence/20--mobile--20.png","768x383 screenshot. The main result remains legible, but small explanatory copy is hard to read on phones and the source is undersized for 2x tablet rendering.","Recapture with larger copy or crop to the relevant result and reproduce its explanation as page text.","https://pjackim.github.io/Portfolio/work/credential-correlation/","https://pjackim.github.io/Portfolio/_astro/checker-crack-time.DBgSjXVd_ZBHnkh.webp","1944dad57d0bee83406c3a45086c6d5894dad3efe7f82c0c0dea7af741203de8","Clean","74","68","81","severe (too uncertain)","no confident read","low_contrast_or_dark","gentle-ai-touchup","none","resolution_headroom 47","recrop-or-recapture","numeric 3/3 hold · descriptive 1 supported, 1 uncertain, 0 not supported","standalone none; in place none","disagree (Jev sees no problem)"
"23","review-candidate","low","trip-planner","Dense UI at phone size","901","959","review-candidate/23--trip-planner--trip-manager.webp","evidence/23--mobile--23.png","The trip-manager modal contains a long list of very small text. At roughly 308px displayed width on mobile it is difficult to read. The full-size source is better; this is mainly presentation/readability.","Use a tighter detail screenshot or annotate the save/load controls; retain the complete view in the lightbox.","https://pjackim.github.io/Portfolio/work/trip-planner/","https://pjackim.github.io/Portfolio/_astro/trip-manager.BKBMRMP-_Z1p4gdw.webp","35b4ce3bcf0aba61ec3f6185a8e1e28fc02cce771b45e523a2ce133076e6f7bb","Watch","72","66","78","moderate","no confident read","poor_framing_or_dead_space","recrop-or-recapture","none","framing 37","recrop-or-recapture","numeric 3/3 hold · descriptive 0 supported, 2 uncertain, 1 not supported","standalone minor; in place minor","agree"
"34","review-candidate","low","hardpoint","Debug overlay in poster","1280","720","review-candidate/34--hardpoint--yt-EdJRI.webp","evidence/34--desktop--34.png","The Hardpoint poster contains a prominent PHYSX CPU overlay in the upper left and a large foreground weapon. Its resolution is acceptable, but a cleaner frame would present the game mode better.","Select a clean capture-zone/scoring frame without the debug overlay.","https://pjackim.github.io/Portfolio/work/hardpoint/","https://pjackim.github.io/Portfolio/_astro/yt-EdJRI_kEXt8.DdU0DRNZ_Z7JNBS.webp","62d9af30ac4bfa8d526507258a5cf9ec0b470a9230824d26b721fc52ee0381cc","Issue","55","50","60","severe","severe (worst of 2 confident of 2 views)","artifacts_or_overlays","recrop-or-recapture","layout-fix","artifact_cleanliness 7","recrop-or-recapture","numeric 3/3 hold · descriptive 2 supported, 0 uncertain, 0 not supported","","partly (Jev rates it more serious)"
"44","review-candidate","low","arch-linux","Narrow source + fine text","487","1009","review-candidate/44--arch-linux--launcher-panel.webp","evidence/44--mobile--44.png","487x1009 portrait launcher capture. It is only about 340px wide on desktop and has small quote/menu text; 2x/3x displays expose its limited source resolution.","Recapture at higher density or focus on one panel; keep the full screenshot as secondary detail.","https://pjackim.github.io/Portfolio/work/arch-linux/","https://pjackim.github.io/Portfolio/_astro/launcher-panel.CtzjOQC__1Iy2zI.webp","2f244a293f130bd0db44b0871d87eb6f4a4c75841deaedde1c240cb1feac9c44","Watch","70","55","85","moderate","none (worst of 1 confident of 2 views)","poor_framing_or_dead_space","recrop-or-recapture","none","resolution_headroom 28","recrop-or-recapture","numeric 4/4 hold · descriptive 1 supported, 0 uncertain, 0 not supported","standalone none; in place minor","agree"
"55","review-candidate","low","go-green","Embedded paragraph too small on phones","1920","1080","review-candidate/55--go-green--brochure-with-text.webp","evidence/55--mobile--55.png","The source is 1920x1080 and is not intrinsically low resolution. Its paragraph is packed into a small corner, so it becomes illegible at 343px and 276px displayed widths.","Add a readable text transcription or a separate close-up of the paragraph.","https://pjackim.github.io/Portfolio/work/go-green/","https://pjackim.github.io/Portfolio/_astro/brochure-with-text.CLMpiJPU_Z1Tc5xN.webp","1150ebd6e66593b830eff7d5450f89e45e19897b326fc97953d2a73f9b162216","Watch","72","74","71","moderate","moderate (worst of 1 confident of 2 views)","low_contrast_or_dark","gentle-ai-touchup","layout-fix","artifact_cleanliness 54","other","numeric 5/5 hold · descriptive 0 supported, 0 uncertain, 2 not supported","standalone minor; in place minor","agree"
